experiment_kind,training_method,prediction_method,ratio,predict_ratio,seed,h_model,h_predict,noise_level,best_loss,train_mse,validation_mse,extrapolate_mse,residual_mse,residual_rel_error,model_vf_mse,model_vf_rel_error,instability_rate,final_mse,final_l2_error
diffrax_train_rk4_predict,diffrax_tsit5,rk4_high_precision,adaptive,16,0,adaptive,0.003125,0,0.0028578538344123296,0.00028864517552251094,0.0001680692566718537,0.003093228990797622,0.0007971495257197207,0.02490719950789269,0.0007971495257197192,0.0013386326770136723,0.0,0.0017917261609182735,0.1693151457333111
diffrax_train_rk4_predict,diffrax_tsit5,rk4_high_precision,adaptive,16,1,adaptive,0.003125,0,0.002817807845566645,0.00019410491063314868,0.00010730907435569406,0.00327023468003107,0.00017875781138672296,0.011794716806428523,0.0001787578113867227,0.0006339048004254495,0.0,0.0016115332620204967,0.16057562764108363
diffrax_train_rk4_predict,diffrax_tsit5,rk4_high_precision,adaptive,16,2,adaptive,0.003125,0,0.004281453653952534,0.001655766160219251,0.0010280944215991304,0.017738026162378684,0.010434364385192891,0.0901131150910278,0.010434364385192891,0.004843112147157236,0.0,0.021579172971695884,0.5875940499589272
diffrax_train_rk4_predict,diffrax_tsit5,rk4_high_precision,adaptive,16,3,adaptive,0.003125,0,0.002711076444169269,9.680230967800683e-05,4.9322948742587435e-05,0.0017943878430078247,0.00024082009279148764,0.013689934277057584,0.00024082009279148943,0.0007357629011495959,0.0,0.001872939174533743,0.17310986913674184
diffrax_train_rk4_predict,diffrax_tsit5,rk4_high_precision,adaptive,16,4,adaptive,0.003125,0,0.0045800023215679594,0.0019727400929241542,0.0011652759187590104,0.02603985904700945,0.010212002086293496,0.08914776322075722,0.0102120020862935,0.004791229495398216,0.0,0.02933118290024543,0.6850539587535618
