outcome,n,standardized_parameter_main_effect,parameter_error_x_train_interval_interaction,bootstrap_ci_low,bootstrap_ci_high,bootstrap_two_sided_p,regression_r_squared,short_interval_importance_supported
same_ic_extrap_mse_h2p5,84,0.6477073871715977,0.04094156406490059,-0.4394190325152494,0.5511895466225328,0.806,0.5383945694829693,False
same_ic_extrap_mse_h5,84,0.3265310646958711,0.0012923270660494567,-0.3480053802420171,0.33911145771420653,0.978,0.7364729544083395,False
same_ic_extrap_mse_h10,84,0.32675745240459353,-0.021274726647867302,-0.28274724934440554,0.33049763833657625,0.86,0.6663818628736584,False
candidate_ic_extrap_mse_h2p5,84,0.2834678527988205,-0.04090902004296559,-0.37988687661098774,0.2764532732136992,0.564,0.6070154683890367,False
candidate_ic_extrap_mse_h5,84,0.35663108690559897,0.05899074210451656,-0.3669949538333138,0.4068422408592831,0.73,0.6687443030260063,False
candidate_ic_extrap_mse_h10,84,0.2824259841921844,-0.02262128708272992,-0.4073894999364004,0.31239571831058277,0.722,0.5196204099233402,False
